id_141,id,graph_order,acronym,name,color_hex_triplet,parent_structure_id,parent_acronym,parent_name,parent_05_acronym,parent_05_name,structure_id_path,annotated,voxel_count,subgraph_annotated,subgraph_voxel_count,volume_mm3,volume_cm3,parent_01,parent_02,parent_03,parent_04,parent_05,parent_06,parent_07,parent_08,parent_09,parent_10,parent_11,parent_12,parent_13,parent_14,parent_15
1,10307,1732,OB,"olfactory bulb",D1CEE2,10306,PalCx,"paleocortex (semicortex)",FGM,gray matter of forebrain,/10153/10154/10155/10156/10157/10158/10159/10292/10306/10307/,True,844,True,844,105.5,0.1055,10153,10154,10155,10156,10157,10158,10159,10292,10306,10307,0,0,0,0,0
2,10308,1739,AON,"anterior olfactory nucleus",AA9DC6,10306,PalCx,"paleocortex (semicortex)",FGM,gray matter of forebrain,/10153/10154/10155/10156/10157/10158/10159/10292/10306/10308/,True,1223,True,1223,152.875,0.152875,10153,10154,10155,10156,10157,10158,10159,10292,10306,10308,0,0,0,0,0
3,10311,1751,Pir,"piriform cortex",AA9DC6,10306,PalCx,"paleocortex (semicortex)",FGM,gray matter of forebrain,/10153/10154/10155/10156/10157/10158/10159/10292/10306/10311/,True,1588,True,1588,198.5,0.1985,10153,10154,10155,10156,10157,10158,10159,10292,10306,10311,0,0,0,0,0
4,10329,1587,FI,"frontal agranular insular cortex (area FI)",C1A68F,10327,PPCx,"peripaleocortex",FGM,gray matter of forebrain,/10153/10154/10155/10156/10157/10158/10159/10313/10327/10329/,True,296,True,296,37,0.037,10153,10154,10155,10156,10157,10158,10159,10313,10327,10329,0,0,0,0,0
5,10330,1593,TI,"temporal agranular insular cortex (area TI)",B5967F,10327,PPCx,"peripaleocortex",FGM,gray matter of forebrain,/10153/10154/10155/10156/10157/10158/10159/10313/10327/10330/,True,1713,True,1713,214.125,0.214125,10153,10154,10155,10156,10157,10158,10159,10313,10327,10330,0,0,0,0,0
6,10335,1862,CaH,"head of caudate",91A06E,10334,Ca,"caudate nucleus",FGM,gray matter of forebrain,/10153/10154/10155/10156/10157/10158/10331/10332/10333/10334/10335/,True,28911,True,28911,3613.875,3.613875,10153,10154,10155,10156,10157,10158,10331,10332,10333,10334,10335,0,0,0,0
7,10336,1866,CaB,"body of caudate",99A677,10334,Ca,"caudate nucleus",FGM,gray matter of forebrain,/10153/10154/10155/10156/10157/10158/10331/10332/10333/10334/10336/,True,12301,True,12301,1537.625,1.537625,10153,10154,10155,10156,10157,10158,10331,10332,10333,10334,10336,0,0,0,0
8,10337,1867,CaT,"tail of caudate",91A06E,10334,Ca,"caudate nucleus",FGM,gray matter of forebrain,/10153/10154/10155/10156/10157/10158/10331/10332/10333/10334/10337/,True,2589,True,2589,323.625,0.323625,10153,10154,10155,10156,10157,10158,10331,10332,10333,10334,10337,0,0,0,0
9,10338,1870,Pu,"putamen",A8B485,10333,STR,"striatum",FGM,gray matter of forebrain,/10153/10154/10155/10156/10157/10158/10331/10332/10333/10338/,True,51512,True,53418,6677.25,6.67725,10153,10154,10155,10156,10157,10158,10331,10332,10333,10338,0,0,0,0,0
10,10339,1879,NAC,"nucleus accumbens",91A06E,10333,STR,"striatum",FGM,gray matter of forebrain,/10153/10154/10155/10156/10157/10158/10331/10332/10333/10339/,True,5210,True,5210,651.25,0.65125,10153,10154,10155,10156,10157,10158,10331,10332,10333,10339,0,0,0,0,0
11,10343,1888,GPe,"external segment of globus pallidus",D7E0BF,10342,GP,"globus pallidus",FGM,gray matter of forebrain,/10153/10154/10155/10156/10157/10158/10331/10332/10342/10343/,True,7354,True,7354,919.25,0.91925,10153,10154,10155,10156,10157,10158,10331,10332,10342,10343,0,0,0,0,0
12,10344,1889,GPi,"internal segment of globus pallidus",D0D9B2,10342,GP,"globus pallidus",FGM,gray matter of forebrain,/10153/10154/10155/10156/10157/10158/10331/10332/10342/10344/,True,4453,True,4453,556.625,0.556625,10153,10154,10155,10156,10157,10158,10331,10332,10342,10344,0,0,0,0,0
13,10346,1894,Cla,"claustrum",AADBCE,10331,CN,"cerebral nuclei",FGM,gray matter of forebrain,/10153/10154/10155/10156/10157/10158/10331/10346/,True,12696,True,12696,1587,1.587,10153,10154,10155,10156,10157,10158,10331,10346,0,0,0,0,0,0,0
14,10349,1898,BF,"basal forebrain",DDDDAF,10331,CN,"cerebral nuclei",FGM,gray matter of forebrain,/10153/10154/10155/10156/10157/10158/10331/10349/,True,6476,True,9452,1181.5,1.1815,10153,10154,10155,10156,10157,10158,10331,10349,0,0,0,0,0,0,0
15,10350,1899,SEP,"septal nuclei",CACA92,10349,BF,"basal forebrain",FGM,gray matter of forebrain,/10153/10154/10155/10156/10157/10158/10331/10349/10350/,True,2976,True,2976,372,0.372,10153,10154,10155,10156,10157,10158,10331,10349,10350,0,0,0,0,0,0
16,10361,1760,AMY,"amygdaloid complex",C9E2B1,10331,CN,"cerebral nuclei",FGM,gray matter of forebrain,/10153/10154/10155/10156/10157/10158/10331/10361/,True,3754,True,17919,2239.875,2.239875,10153,10154,10155,10156,10157,10158,10331,10361,0,0,0,0,0,0,0
17,10362,1761,AAA,"anterior amygdaloid area",C0DD9D,10361,AMY,"amygdaloid complex",FGM,gray matter of forebrain,/10153/10154/10155/10156/10157/10158/10331/10361/10362/,True,925,True,925,115.625,0.115625,10153,10154,10155,10156,10157,10158,10331,10361,10362,0,0,0,0,0,0
18,10363,1764,CEN,"central nuclear group",AFD58A,10361,AMY,"amygdaloid complex",FGM,gray matter of forebrain,/10153/10154/10155/10156/10157/10158/10331/10361/10363/,True,595,True,595,74.375,0.074375,10153,10154,10155,10156,10157,10158,10331,10361,10363,0,0,0,0,0,0
19,10367,1794,La,"lateral nucleus",A6D17A,10366,BLN,"basolateral nuclear group",FGM,gray matter of forebrain,/10153/10154/10155/10156/10157/10158/10331/10361/10366/10367/,True,4600,True,4600,575,0.575,10153,10154,10155,10156,10157,10158,10331,10361,10366,10367,0,0,0,0,0
20,10368,1805,BL,"basolateral nucleus (basal nucleus)",89BA46,10366,BLN,"basolateral nuclear group",FGM,gray matter of forebrain,/10153/10154/10155/10156/10157/10158/10331/10361/10366/10368/,True,3842,True,3842,480.25,0.48025,10153,10154,10155,10156,10157,10158,10331,10361,10366,10368,0,0,0,0,0
21,10369,1812,BM,"basomedial nucleus (accessory basal nucleus)",9CCC66,10366,BLN,"basolateral nuclear group",FGM,gray matter of forebrain,/10153/10154/10155/10156/10157/10158/10331/10361/10366/10369/,True,1184,True,1184,148,0.148,10153,10154,10155,10156,10157,10158,10331,10361,10366,10369,0,0,0,0,0
22,10374,1775,CoA,"anterior cortical nucleus",89BA46,10373,Co,"cortical amygdaloid nuclei",FGM,gray matter of forebrain,/10153/10154/10155/10156/10157/10158/10331/10361/10372/10373/10374/,True,1536,True,1536,192,0.192,10153,10154,10155,10156,10157,10158,10331,10361,10372,10373,10374,0,0,0,0
23,10375,1779,CoP,"posterior cortical nucleus",92C851,10373,Co,"cortical amygdaloid nuclei",FGM,gray matter of forebrain,/10153/10154/10155/10156/10157/10158/10331/10361/10372/10373/10375/,True,580,True,580,72.5,0.0725,10153,10154,10155,10156,10157,10158,10331,10361,10372,10373,10375,0,0,0,0
24,10376,1783,Me,"medial nucleus",9CCC66,10372,CMN,"corticomedial nuclear group",FGM,gray matter of forebrain,/10153/10154/10155/10156/10157/10158/10331/10361/10372/10376/,True,422,True,422,52.75,0.05275,10153,10154,10155,10156,10157,10158,10331,10361,10372,10376,0,0,0,0,0
25,10377,1789,AHA,"amygdalohippocampal area",89BA46,10372,CMN,"corticomedial nuclear group",FGM,gray matter of forebrain,/10153/10154/10155/10156/10157/10158/10331/10361/10372/10377/,True,481,True,481,60.125,0.060125,10153,10154,10155,10156,10157,10158,10331,10361,10372,10377,0,0,0,0,0
26,10384,1834,BNST,"bed nucleus of stria terminalis",A9D7AE,10383,EXA,"extended amygdala",FGM,gray matter of forebrain,/10153/10154/10155/10156/10157/10158/10331/10383/10384/,True,3120,True,3120,390,0.39,10153,10154,10155,10156,10157,10158,10331,10383,10384,0,0,0,0,0,0
27,10390,1926,THM,"thalamus",E4CCE3,10389,Die,"diencephalon",FGM,gray matter of forebrain,/10153/10154/10155/10156/10157/10389/10390/,True,24556,True,87969,10996.125,10.996125,10153,10154,10155,10156,10157,10389,10390,0,0,0,0,0,0,0,0
28,10392,1928,ANC,"anterior nuclear complex of thalamus",BF89BC,10391,DTH,"dorsal thalamus",FGM,gray matter of forebrain,/10153/10154/10155/10156/10157/10389/10390/10391/10392/,True,1681,True,2776,347,0.347,10153,10154,10155,10156,10157,10389,10390,10391,10392,0,0,0,0,0,0
29,10396,1932,LD,"lateral dorsal nucleus of thalamus",B67BB4,10392,ANC,"anterior nuclear complex of thalamus",FGM,gray matter of forebrain,/10153/10154/10155/10156/10157/10389/10390/10391/10392/10396/,True,1095,True,1095,136.875,0.136875,10153,10154,10155,10156,10157,10389,10390,10391,10392,10396,0,0,0,0,0
30,10398,1934,MD,"mediodorsal nucleus of thalamus",B067A9,10397,MNC,"medial nuclear complex of thalamus",FGM,gray matter of forebrain,/10153/10154/10155/10156/10157/10389/10390/10391/10397/10398/,True,8860,True,8860,1107.5,1.1075,10153,10154,10155,10156,10157,10389,10390,10391,10397,10398,0,0,0,0,0
31,10403,1941,Re,"reuniens nucleus (medioventral nucleus) of thalamus",95498A,10397,MNC,"medial nuclear complex of thalamus",FGM,gray matter of forebrain,/10153/10154/10155/10156/10157/10389/10390/10391/10397/10403/,True,1058,True,1058,132.25,0.13225,10153,10154,10155,10156,10157,10389,10390,10391,10397,10403,0,0,0,0,0
32,10408,1945,LP,"lateral posterior nucleus of thalamus",B067A9,10407,DLN,"dorsal group of lateral nucleus",FGM,gray matter of forebrain,/10153/10154/10155/10156/10157/10389/10390/10391/10406/10407/10408/,True,3521,True,3521,440.125,0.440125,10153,10154,10155,10156,10157,10389,10390,10391,10406,10407,10408,0,0,0,0
33,10409,1946,Pul,"pulvinar of thalamus",B067A9,10407,DLN,"dorsal group of lateral nucleus",FGM,gray matter of forebrain,/10153/10154/10155/10156/10157/10389/10390/10391/10406/10407/10409/,True,13454,True,13454,1681.75,1.68175,10153,10154,10155,10156,10157,10389,10390,10391,10406,10407,10409,0,0,0,0
34,10417,1954,VA,"ventral anterior nucleus of thalamus",A554A0,10416,VLN,"ventral group of lateral nucleus",FGM,gray matter of forebrain,/10153/10154/10155/10156/10157/10389/10390/10391/10406/10416/10417/,True,8556,True,8556,1069.5,1.0695,10153,10154,10155,10156,10157,10389,10390,10391,10406,10416,10417,0,0,0,0
35,10420,1957,VL,"ventral lateral nucleus of thalamus",B067A9,10416,VLN,"ventral group of lateral nucleus",FGM,gray matter of forebrain,/10153/10154/10155/10156/10157/10389/10390/10391/10406/10416/10420/,True,7841,True,7841,980.125,0.980125,10153,10154,10155,10156,10157,10389,10390,10391,10406,10416,10420,0,0,0,0
36,10424,1964,VPL,"ventral posterior lateral nucleus",9E4C94,10423,VPT,"ventral posterior nucleus of thalamus",FGM,gray matter of forebrain,/10153/10154/10155/10156/10157/10389/10390/10391/10406/10416/10423/10424/,True,5280,True,5280,660,0.66,10153,10154,10155,10156,10157,10389,10390,10391,10406,10416,10423,10424,0,0,0
37,10425,1967,VPM,"ventral posterior medial nucleus",9E4C94,10423,VPT,"ventral posterior nucleus of thalamus",FGM,gray matter of forebrain,/10153/10154/10155/10156/10157/10389/10390/10391/10406/10416/10423/10425/,True,1016,True,1016,127,0.127,10153,10154,10155,10156,10157,10389,10390,10391,10406,10416,10423,10425,0,0,0
38,10430,1974,DLG,"dorsal lateral geniculate nucleus",8C4685,10429,LG,"lateral geniculate nucleus",FGM,gray matter of forebrain,/10153/10154/10155/10156/10157/10389/10390/10391/10428/10429/10430/,True,1213,True,1213,151.625,0.151625,10153,10154,10155,10156,10157,10389,10390,10391,10428,10429,10430,0,0,0,0
39,10434,1986,MG,"medial geniculate nuclei",B67BB4,10428,PoN,"posterior nuclear complex of thalamus",FGM,gray matter of forebrain,/10153/10154/10155/10156/10157/10389/10390/10391/10428/10434/,True,838,True,838,104.75,0.10475,10153,10154,10155,10156,10157,10389,10390,10391,10428,10434,0,0,0,0,0
40,10449,2008,CM,"centromedian nucleus of thalamus",B67BB4,10448,PILN,"posterior group of intralaminar nuclei",FGM,gray matter of forebrain,/10153/10154/10155/10156/10157/10389/10390/10391/10442/10448/10449/,True,2076,True,2076,259.5,0.2595,10153,10154,10155,10156,10157,10389,10390,10391,10442,10448,10449,0,0,0,0
41,10450,2011,Pf,"parafascicular nucleus of thalamus",B067A9,10448,PILN,"posterior group of intralaminar nuclei",FGM,gray matter of forebrain,/10153/10154/10155/10156/10157/10389/10390/10391/10442/10448/10450/,True,792,True,792,99,0.099,10153,10154,10155,10156,10157,10389,10390,10391,10442,10448,10450,0,0,0,0
42,10452,2023,HN,"habenular nuclei",B67BB4,10451,ETH,"epithalamus",FGM,gray matter of forebrain,/10153/10154/10155/10156/10157/10389/10390/10451/10452/,True,591,True,591,73.875,0.073875,10153,10154,10155,10156,10157,10389,10390,10451,10452,0,0,0,0,0,0
43,10460,2031,Pin,"pineal body",773671,10451,ETH,"epithalamus",FGM,gray matter of forebrain,/10153/10154/10155/10156/10157/10389/10390/10451/10460/,True,495,True,495,61.875,0.061875,10153,10154,10155,10156,10157,10389,10390,10451,10460,0,0,0,0,0,0
44,10463,2034,ZI,"zona incerta",B067A9,10461,VTH,"ventral thalamus",FGM,gray matter of forebrain,/10153/10154/10155/10156/10157/10389/10390/10461/10463/,True,2258,True,2258,282.25,0.28225,10153,10154,10155,10156,10157,10389,10390,10461,10463,0,0,0,0,0,0
45,10466,2043,STH,"subthalamic nucleus",B799C4,10465,SubTH,"subthalamus",FGM,gray matter of forebrain,/10153/10154/10155/10156/10157/10389/10465/10466/,True,1367,True,1367,170.875,0.170875,10153,10154,10155,10156,10157,10389,10465,10466,0,0,0,0,0,0,0
46,10467,2047,HTH,"hypothalamus",E4C9D9,10389,Die,"diencephalon",FGM,gray matter of forebrain,/10153/10154/10155/10156/10157/10389/10467/,True,503,True,10434,1304.25,1.30425,10153,10154,10155,10156,10157,10389,10467,0,0,0,0,0,0,0,0
47,10468,2048,HTHpo,"preoptic region of HTH",DBABC8,10467,HTH,"hypothalamus",FGM,gray matter of forebrain,/10153/10154/10155/10156/10157/10389/10467/10468/,True,1221,True,1221,152.625,0.152625,10153,10154,10155,10156,10157,10389,10467,10468,0,0,0,0,0,0,0
48,10473,2058,HTHso,"supraoptic region of HTH",CF97B9,10467,HTH,"hypothalamus",FGM,gray matter of forebrain,/10153/10154/10155/10156/10157/10389/10467/10473/,True,1689,True,1689,211.125,0.211125,10153,10154,10155,10156,10157,10389,10467,10473,0,0,0,0,0,0,0
49,10483,2078,HTHtub,"tuberal region of HTH",DBABC8,10467,HTH,"hypothalamus",FGM,gray matter of forebrain,/10153/10154/10155/10156/10157/10389/10467/10483/,True,3890,True,3890,486.25,0.48625,10153,10154,10155,10156,10157,10389,10467,10483,0,0,0,0,0,0,0
50,10495,2100,HTHma,"mammillary region of HTH",C484A9,10467,HTH,"hypothalamus",FGM,gray matter of forebrain,/10153/10154/10155/10156/10157/10389/10467/10495/,True,3131,True,3131,391.375,0.391375,10153,10154,10155,10156,10157,10389,10467,10495,0,0,0,0,0,0,0
51,10557,2116,FWM,"white matter of forebrain",F2F1F0,10156,F,"forebrain (prosencephalon)",FWM,white matter of forebrain,/10153/10154/10155/10156/10557/,True,2089673,True,2207402,275925.25,275.92525,10153,10154,10155,10156,10557,0,0,0,0,0,0,0,0,0,0
52,10559,2118,ac,"anterior commissure",F2F1F0,10558,FCFT,"forebrain commissural fiber tracts",FWM,white matter of forebrain,/10153/10154/10155/10156/10557/10558/10559/,True,1908,True,1908,238.5,0.2385,10153,10154,10155,10156,10557,10558,10559,0,0,0,0,0,0,0,0
53,10561,2119,cc,"corpus callosum",F2F1F0,10558,FCFT,"forebrain commissural fiber tracts",FWM,white matter of forebrain,/10153/10154/10155/10156/10557/10558/10561/,True,88762,True,88762,11095.25,11.09525,10153,10154,10155,10156,10557,10558,10561,0,0,0,0,0,0,0,0
54,10576,2166,fx,"fornix",F2F1F0,10568,FIFT,"forebrain ipsilateral fiber tracts",FWM,white matter of forebrain,/10153/10154/10155/10156/10557/10568/10576/,True,4410,True,4410,551.25,0.55125,10153,10154,10155,10156,10557,10568,10576,0,0,0,0,0,0,0,0
55,10586,2204,mtt,"mammillothalamic tract",F2F1F0,10568,FIFT,"forebrain ipsilateral fiber tracts",FWM,white matter of forebrain,/10153/10154/10155/10156/10557/10568/10586/,True,504,True,504,63,0.063,10153,10154,10155,10156,10557,10568,10586,0,0,0,0,0,0,0,0
56,10589,2222,ot,"optic tract",F2F1F0,10568,FIFT,"forebrain ipsilateral fiber tracts",FWM,white matter of forebrain,/10153/10154/10155/10156/10557/10568/10589/,True,1807,True,1807,225.875,0.225875,10153,10154,10155,10156,10557,10568,10589,0,0,0,0,0,0,0,0
57,10597,2258,aLV,"anterior horn of lateral ventricle",231F20,10596,LV,"lateral ventricles",FV,ventricles of forebrain,/10153/10154/10155/10156/10595/10596/10597/,True,42045,True,42045,5255.625,5.255625,10153,10154,10155,10156,10595,10596,10597,0,0,0,0,0,0,0,0
58,10598,2259,bLV,"body of lateral ventricle",231F20,10596,LV,"lateral ventricles",FV,ventricles of forebrain,/10153/10154/10155/10156/10595/10596/10598/,True,32071,True,32071,4008.875,4.008875,10153,10154,10155,10156,10595,10596,10598,0,0,0,0,0,0,0,0
59,10599,2261,pLV,"posterior horn of lateral ventricle",231F20,10596,LV,"lateral ventricles",FV,ventricles of forebrain,/10153/10154/10155/10156/10595/10596/10599/,True,2398,True,2398,299.75,0.29975,10153,10154,10155,10156,10595,10596,10599,0,0,0,0,0,0,0,0
60,10600,2262,iLV,"inferior horn of lateral ventricle",231F20,10596,LV,"lateral ventricles",FV,ventricles of forebrain,/10153/10154/10155/10156/10595/10596/10600/,True,8975,True,8975,1121.875,1.121875,10153,10154,10155,10156,10595,10596,10600,0,0,0,0,0,0,0,0
61,10602,2264,3V,"third ventricle",231F20,10595,FV,"ventricles of forebrain",FV,ventricles of forebrain,/10153/10154/10155/10156/10595/10602/,True,5673,True,5673,709.125,0.709125,10153,10154,10155,10156,10595,10602,0,0,0,0,0,0,0,0,0
62,10658,2677,CBV,"cerebellar vermis",76A2D5,10657,CBC,"cerebellar cortex",HGM,gray matter of the hindbrain,/10153/10154/10155/10653/10654/10655/10656/10657/10658/,True,47241,True,47241,5905.125,5.905125,10153,10154,10155,10653,10654,10655,10656,10657,10658,0,0,0,0,0,0
63,10660,2732,CbDN,"cerebellar deep nuclei",3E80BA,10656,CB,"cerebellum",HGM,gray matter of the hindbrain,/10153/10154/10155/10653/10654/10655/10656/10660/,True,8356,True,8356,1044.5,1.0445,10153,10154,10155,10653,10654,10655,10656,10660,0,0,0,0,0,0,0
64,10668,3123,HWM,"white matter of hindbrain",F2F1F0,10653,H,"hindbrain (rhombencephalon)",HWM,white matter of hindbrain,/10153/10154/10155/10653/10668/,True,128984,True,141481,17685.125,17.685125,10153,10154,10155,10653,10668,0,0,0,0,0,0,0,0,0,0
65,12073,2215,olt,"olfactory tract",F2F1F0,10568,FIFT,"forebrain ipsilateral fiber tracts",FWM,white matter of forebrain,/10153/10154/10155/10156/10557/10568/12073/,True,560,True,560,70,0.07,10153,10154,10155,10156,10557,10568,12073,0,0,0,0,0,0,0,0
66,12114,2353,PrCG,"precentral gyrus",EDCF37,12113,FroL,"frontal lobe",FSS,surface structures of forebrain,/10153/10154/10155/10156/10609/12112/12113/12114/,True,181294,True,181294,22661.75,22.66175,10153,10154,10155,10156,10609,12112,12113,12114,0,0,0,0,0,0,0
67,12115,2354,SFG,"superior frontal gyrus",D4B235,12113,FroL,"frontal lobe",FSS,surface structures of forebrain,/10153/10154/10155/10156/10609/12112/12113/12115/,True,292178,True,292178,36522.25,36.52225,10153,10154,10155,10156,10609,12112,12113,12115,0,0,0,0,0,0,0
68,12116,2355,MFG,"middle frontal gyrus",D4B235,12113,FroL,"frontal lobe",FSS,surface structures of forebrain,/10153/10154/10155/10156/10609/12112/12113/12116/,True,242416,True,242416,30302,30.302,10153,10154,10155,10156,10609,12112,12113,12116,0,0,0,0,0,0,0
69,12118,2357,IFGtr,"inferior frontal gyrus, triangular part",C2A335,12117,IFG,"inferior frontal gyrus",FSS,surface structures of forebrain,/10153/10154/10155/10156/10609/12112/12113/12117/12118/,True,68305,True,68305,8538.125,8.538125,10153,10154,10155,10156,10609,12112,12113,12117,12118,0,0,0,0,0,0
70,12119,2358,IFGop,"inferior frontal gyrus, opercular part",C2A335,12117,IFG,"inferior frontal gyrus",FSS,surface structures of forebrain,/10153/10154/10155/10156/10609/12112/12113/12117/12119/,True,51936,True,51936,6492,6.492,10153,10154,10155,10156,10609,12112,12113,12117,12119,0,0,0,0,0,0
71,12121,2360,ReG,"gyrus rectus (straight gyrus)",B8A26D,12113,FroL,"frontal lobe",FSS,surface structures of forebrain,/10153/10154/10155/10156/10609/12112/12113/12121/,True,31549,True,31549,3943.625,3.943625,10153,10154,10155,10156,10609,12112,12113,12121,0,0,0,0,0,0,0
72,12122,2361,MOrG,"medial orbital gyrus",CAB781,12113,FroL,"frontal lobe",FSS,surface structures of forebrain,/10153/10154/10155/10156/10609/12112/12113/12122/,True,34333,True,34333,4291.625,4.291625,10153,10154,10155,10156,10609,12112,12113,12122,0,0,0,0,0,0,0
73,12123,2362,AOrG,"anterior intermediate orbital gyrus",CAB781,12113,FroL,"frontal lobe",FSS,surface structures of forebrain,/10153/10154/10155/10156/10609/12112/12113/12123/,True,26156,True,26156,3269.5,3.2695,10153,10154,10155,10156,10609,12112,12113,12123,0,0,0,0,0,0,0
74,12124,2363,POrG,"posterior intermediate orbital gyrus",CAB781,12113,FroL,"frontal lobe",FSS,surface structures of forebrain,/10153/10154/10155/10156/10609/12112/12113/12124/,True,33022,True,33022,4127.75,4.12775,10153,10154,10155,10156,10609,12112,12113,12124,0,0,0,0,0,0,0
75,12125,2364,LOrG,"lateral orbital gyrus",AB9158,12113,FroL,"frontal lobe",FSS,surface structures of forebrain,/10153/10154/10155/10156/10609/12112/12113/12125/,True,46757,True,46757,5844.625,5.844625,10153,10154,10155,10156,10609,12112,12113,12125,0,0,0,0,0,0,0
76,12126,2365,PCLr,"paracentral lobule, rostral part",EDCF37,12113,FroL,"frontal lobe",FSS,surface structures of forebrain,/10153/10154/10155/10156/10609/12112/12113/12126/,True,37100,True,37100,4637.5,4.6375,10153,10154,10155,10156,10609,12112,12113,12126,0,0,0,0,0,0,0
77,12127,2367,FrO,"frontal operculum",C2A335,12113,FroL,"frontal lobe",FSS,surface structures of forebrain,/10153/10154/10155/10156/10609/12112/12113/12127/,True,15982,True,15982,1997.75,1.99775,10153,10154,10155,10156,10609,12112,12113,12127,0,0,0,0,0,0,0
78,12132,2376,PoCG,"postcentral gyrus",EC813B,12131,ParL,"parietal lobe",FSS,surface structures of forebrain,/10153/10154/10155/10156/10609/12112/12131/12132/,True,146897,True,146897,18362.125,18.362125,10153,10154,10155,10156,10609,12112,12131,12132,0,0,0,0,0,0,0
79,12133,2377,SPL,"supraparietal lobule",E49C33,12131,ParL,"parietal lobe",FSS,surface structures of forebrain,/10153/10154/10155/10156/10609/12112/12131/12133/,True,143194,True,143194,17899.25,17.89925,10153,10154,10155,10156,10609,12112,12131,12133,0,0,0,0,0,0,0
80,12135,2379,SMG,"supramarginal gyrus",D38E32,12134,IPL,"inferior parietal lobule",FSS,surface structures of forebrain,/10153/10154/10155/10156/10609/12112/12131/12134/12135/,True,136260,True,136260,17032.5,17.0325,10153,10154,10155,10156,10609,12112,12131,12134,12135,0,0,0,0,0,0
81,12136,2380,AnG,"angular gyrus",D38E32,12134,IPL,"inferior parietal lobule",FSS,surface structures of forebrain,/10153/10154/10155/10156/10609/12112/12131/12134/12136/,True,145906,True,145906,18238.25,18.23825,10153,10154,10155,10156,10609,12112,12131,12134,12136,0,0,0,0,0,0
82,12137,2381,PrCun,"precuneus",E49C33,12131,ParL,"parietal lobe",FSS,surface structures of forebrain,/10153/10154/10155/10156/10609/12112/12131/12137/,True,157220,True,157220,19652.5,19.6525,10153,10154,10155,10156,10609,12112,12131,12137,0,0,0,0,0,0,0
83,12138,2382,PCLc,"paracentral lobule, caudal part",E49C33,12131,ParL,"parietal lobe",FSS,surface structures of forebrain,/10153/10154/10155/10156/10609/12112/12131/12138/,True,22378,True,22378,2797.25,2.79725,10153,10154,10155,10156,10609,12112,12131,12138,0,0,0,0,0,0,0
84,12140,2385,STG,"superior temporal gyrus",D670A0,12139,TemL,"temporal lobe",FSS,surface structures of forebrain,/10153/10154/10155/10156/10609/12112/12139/12140/,True,113003,True,113003,14125.375,14.125375,10153,10154,10155,10156,10609,12112,12139,12140,0,0,0,0,0,0,0
85,12141,2386,MTG,"middle temporal gyrus",D55C92,12139,TemL,"temporal lobe",FSS,surface structures of forebrain,/10153/10154/10155/10156/10609/12112/12139/12141/,True,207704,True,207704,25963,25.963,10153,10154,10155,10156,10609,12112,12139,12141,0,0,0,0,0,0,0
86,12142,2387,ITG,"inferior temporal gyrus",D55C92,12139,TemL,"temporal lobe",FSS,surface structures of forebrain,/10153/10154/10155/10156/10609/12112/12139/12142/,True,131387,True,131387,16423.375,16.423375,10153,10154,10155,10156,10609,12112,12139,12142,0,0,0,0,0,0,0
87,12143,2388,FuGt,"occipitotemporal (fusiform) gyrus, temporal part",D55C92,12139,TemL,"temporal lobe",FSS,surface structures of forebrain,/10153/10154/10155/10156/10609/12112/12139/12143/,True,77289,True,141789,17723.625,17.723625,10153,10154,10155,10156,10609,12112,12139,12143,0,0,0,0,0,0,0
88,12144,2390,TTG,"transverse temporal gyrus (Heschl's gyrus)",D670A0,12139,TemL,"temporal lobe",FSS,surface structures of forebrain,/10153/10154/10155/10156/10609/12112/12139/12144/,True,21597,True,21597,2699.625,2.699625,10153,10154,10155,10156,10609,12112,12139,12144,0,0,0,0,0,0,0
89,12145,2393,PLT,"planum temporale",D670A0,12139,TemL,"temporal lobe",FSS,surface structures of forebrain,/10153/10154/10155/10156/10609/12112/12139/12145/,True,24183,True,24183,3022.875,3.022875,10153,10154,10155,10156,10609,12112,12139,12145,0,0,0,0,0,0,0
90,12146,2394,TP,"temporal pole",C8538B,12139,TemL,"temporal lobe",FSS,surface structures of forebrain,/10153/10154/10155/10156/10609/12112/12139/12146/,True,41800,True,41800,5225,5.225,10153,10154,10155,10156,10609,12112,12139,12146,0,0,0,0,0,0,0
91,12147,2396,PLP,"planum polare",D670A0,12139,TemL,"temporal lobe",FSS,surface structures of forebrain,/10153/10154/10155/10156/10609/12112/12139/12147/,True,29378,True,29378,3672.25,3.67225,10153,10154,10155,10156,10609,12112,12139,12147,0,0,0,0,0,0,0
92,12149,2398,OP,"occipital pole",C13331,12148,OccL,"occipital lobe",FSS,surface structures of forebrain,/10153/10154/10155/10156/10609/12112/12148/12149/,True,23534,True,23534,2941.75,2.94175,10153,10154,10155,10156,10609,12112,12148,12149,0,0,0,0,0,0,0
93,12150,2401,Cun,"cuneus",C13331,12148,OccL,"occipital lobe",FSS,surface structures of forebrain,/10153/10154/10155/10156/10609/12112/12148/12150/,True,85818,True,85818,10727.25,10.72725,10153,10154,10155,10156,10609,12112,12148,12150,0,0,0,0,0,0,0
94,12151,2402,LiG,"lingual gyrus",C13331,12148,OccL,"occipital lobe",FSS,surface structures of forebrain,/10153/10154/10155/10156/10609/12112/12148/12151/,True,132478,True,132478,16559.75,16.55975,10153,10154,10155,10156,10609,12112,12148,12151,0,0,0,0,0,0,0
95,12152,2403,FuGo,"occipitotemporal (fusiform) gyrus, occipital part",D14D46,12148,OccL,"occipital lobe",FSS,surface structures of forebrain,/10153/10154/10155/10156/10609/12112/12148/12152/,True,23812,True,23812,2976.5,2.9765,10153,10154,10155,10156,10609,12112,12148,12152,0,0,0,0,0,0,0
96,12153,2404,IOG,"inferior occipital gyrus",D14D46,12148,OccL,"occipital lobe",FSS,surface structures of forebrain,/10153/10154/10155/10156/10609/12112/12148/12153/,True,109765,True,109765,13720.625,13.720625,10153,10154,10155,10156,10609,12112,12148,12153,0,0,0,0,0,0,0
97,12154,2405,SOG,"superior occipital gyrus",D14D46,12148,OccL,"occipital lobe",FSS,surface structures of forebrain,/10153/10154/10155/10156/10609/12112/12148/12154/,True,118525,True,118525,14815.625,14.815625,10153,10154,10155,10156,10609,12112,12148,12154,0,0,0,0,0,0,0
98,12157,2411,CgGr,"cingulate gyrus, rostral (anterior) part",E26880,12156,CgG,"cingulate gyrus",FSS,surface structures of forebrain,/10153/10154/10155/10156/10609/12112/12155/12156/12157/,True,67086,True,67086,8385.75,8.38575,10153,10154,10155,10156,10609,12112,12155,12156,12157,0,0,0,0,0,0
99,12158,2412,CgGc,"cingulate gyrus, caudal (posterior) part",DF4F72,12156,CgG,"cingulate gyrus",FSS,surface structures of forebrain,/10153/10154/10155/10156/10609/12112/12155/12156/12158/,True,80813,True,80813,10101.625,10.101625,10153,10154,10155,10156,10609,12112,12155,12156,12158,0,0,0,0,0,0
100,12159,2414,IsCPH,"cingulo-parahippocampal isthmus",C4AD9A,12155,LimL,"limbic lobe",FSS,surface structures of forebrain,/10153/10154/10155/10156/10609/12112/12155/12159/,True,3478,True,3478,434.75,0.43475,10153,10154,10155,10156,10609,12112,12155,12159,0,0,0,0,0,0,0
101,12160,2415,SCG,"subcallosal gyrus (parolfactory gyrus)",E26880,12155,LimL,"limbic lobe",FSS,surface structures of forebrain,/10153/10154/10155/10156/10609/12112/12155/12160/,True,6568,True,6568,821,0.821,10153,10154,10155,10156,10609,12112,12155,12160,0,0,0,0,0,0,0
102,12163,2418,APH,"anterior parahippocampal gyrus",D2BFB2,12162,PHG,"parahippocampal gyrus",FSS,surface structures of forebrain,/10153/10154/10155/10156/10609/12112/12155/12162/12163/,True,22236,True,22236,2779.5,2.7795,10153,10154,10155,10156,10609,12112,12155,12162,12163,0,0,0,0,0,0
103,12164,2419,PPH,"posterior parahippocampal gyrus",C15184,12162,PHG,"parahippocampal gyrus",FSS,surface structures of forebrain,/10153/10154/10155/10156/10609/12112/12155/12162/12164/,True,15523,True,15523,1940.375,1.940375,10153,10154,10155,10156,10609,12112,12155,12162,12164,0,0,0,0,0,0
104,12166,2421,AG,"ambiens gyrus",D2BFB2,12165,UN,"uncus of parahippocampal gyrus",FSS,surface structures of forebrain,/10153/10154/10155/10156/10609/12112/12155/12162/12165/12166/,True,2039,True,2039,254.875,0.254875,10153,10154,10155,10156,10609,12112,12155,12162,12165,12166,0,0,0,0,0
105,12171,2426,HiH,"head of hippocampus",AA9DC6,12170,HiF,"hippocampal gyrus (formation)",FSS,surface structures of forebrain,/10153/10154/10155/10156/10609/12112/12155/12170/12171/,True,14932,True,14932,1866.5,1.8665,10153,10154,10155,10156,10609,12112,12155,12170,12171,0,0,0,0,0,0
106,12173,2428,HiB,"body of hippocampus",AA9DC6,12170,HiF,"hippocampal gyrus (formation)",FSS,surface structures of forebrain,/10153/10154/10155/10156/10609/12112/12155/12170/12173/,True,8904,True,8904,1113,1.113,10153,10154,10155,10156,10609,12112,12155,12170,12173,0,0,0,0,0,0
107,12174,2429,HiT,"tail of hippocampus",AA9DC6,12170,HiF,"hippocampal gyrus (formation)",FSS,surface structures of forebrain,/10153/10154/10155/10156/10609/12112/12155/12170/12174/,True,9342,True,9342,1167.75,1.16775,10153,10154,10155,10156,10609,12112,12155,12170,12174,0,0,0,0,0,0
108,12177,2407,LIG,"long insular gyri",C45539,12176,InL,"insular lobe",FSS,surface structures of forebrain,/10153/10154/10155/10156/10609/12112/12176/12177/,True,26945,True,26945,3368.125,3.368125,10153,10154,10155,10156,10609,12112,12176,12177,0,0,0,0,0,0,0
109,12178,2408,SIG,"short insular gyri",D16146,12176,InL,"insular lobe",FSS,surface structures of forebrain,/10153/10154/10155/10156/10609/12112/12176/12178/,True,52628,True,52628,6578.5,6.5785,10153,10154,10155,10156,10609,12112,12176,12178,0,0,0,0,0,0,0
110,12179,2437,LI,"limen insula",D0D0D1,10609,FSS,"surface structures of forebrain",FSS,surface structures of forebrain,/10153/10154/10155/10156/10609/12179/,True,635,True,635,79.375,0.079375,10153,10154,10155,10156,10609,12179,0,0,0,0,0,0,0,0,0
111,12181,2461,PTR,"pretectal region",A0C7D5,10649,MGM,"gray matter of midbrain",MGM,gray matter of midbrain,/10153/10154/10155/10648/10649/12181/,True,1467,True,1467,183.375,0.183375,10153,10154,10155,10648,10649,12181,0,0,0,0,0,0,0,0,0
112,12195,2474,MTg,"midbrain tegmentum",5298AE,10649,MGM,"gray matter of midbrain",MGM,gray matter of midbrain,/10153/10154/10155/10648/10649/12195/,True,20997,True,27094,3386.75,3.38675,10153,10154,10155,10648,10649,12195,0,0,0,0,0,0,0,0,0
113,12247,2528,RN,"red nucleus",6CA9BF,12195,MTg,"midbrain tegmentum",MGM,gray matter of midbrain,/10153/10154/10155/10648/10649/12195/12247/,True,3535,True,3535,441.875,0.441875,10153,10154,10155,10648,10649,12195,12247,0,0,0,0,0,0,0,0
114,12251,2532,SN,"substantia nigra",6CA9BF,12195,MTg,"midbrain tegmentum",MGM,gray matter of midbrain,/10153/10154/10155/10648/10649/12195/12251/,True,2562,True,2562,320.25,0.32025,10153,10154,10155,10648,10649,12195,12251,0,0,0,0,0,0,0,0
115,12292,2574,SC,"superior colliculus",7EB3C9,12291,MTc,"midbrain tectum",MGM,gray matter of midbrain,/10153/10154/10155/10648/10649/12291/12292/,True,2502,True,2502,312.75,0.31275,10153,10154,10155,10648,10649,12291,12292,0,0,0,0,0,0,0,0
116,12305,2587,IC,"inferior colliculus",7EB3C9,12291,MTc,"midbrain tectum",MGM,gray matter of midbrain,/10153/10154/10155/10648/10649/12291/12305/,True,2712,True,2712,339,0.339,10153,10154,10155,10648,10649,12291,12305,0,0,0,0,0,0,0,0
117,12330,2616,cpd,"cerebral peduncle (crus cerebri)",F2F1F0,10650,MWM,"white matter of midbrain",MWM,white matter of midbrain,/10153/10154/10155/10648/10650/12330/,True,10833,True,10833,1354.125,1.354125,10153,10154,10155,10648,10650,12330,0,0,0,0,0,0,0,0,0
118,12354,2644,scp,"superior cerebellar peduncle (brachium conjunctivum)",F2F1F0,10650,MWM,"white matter of midbrain",MWM,white matter of midbrain,/10153/10154/10155/10648/10650/12354/,True,2338,True,2338,292.25,0.29225,10153,10154,10155,10648,10650,12354,0,0,0,0,0,0,0,0,0
119,12369,2660,Aq,"cerebral aqueduct",231F20,10651,MV,"ventricle of midbrain",MV,ventricle of midbrain,/10153/10154/10155/10648/10651/12369/,True,974,True,974,121.75,0.12175,10153,10154,10155,10648,10651,12369,0,0,0,0,0,0,0,0,0
120,12384,2696,CBPV,"paravermis of cerebellum",4A8ECC,10659,CBH,"cerebellar hemisphere",HGM,gray matter of the hindbrain,/10153/10154/10155/10653/10654/10655/10656/10657/10659/12384/,True,146642,True,146642,18330.25,18.33025,10153,10154,10155,10653,10654,10655,10656,10657,10659,12384,0,0,0,0,0
121,12390,2714,CBL,"lateral hemisphere of cerebellum",4A8ECC,10659,CBH,"cerebellar hemisphere",HGM,gray matter of the hindbrain,/10153/10154/10155/10653/10654/10655/10656/10657/10659/12390/,True,355760,True,355760,44470,44.47,10153,10154,10155,10653,10654,10655,10656,10657,10659,12390,0,0,0,0,0
122,12405,2744,PnBa,"basilar part of pons",7893C7,10661,Pn,"pons",HGM,gray matter of the hindbrain,/10153/10154/10155/10653/10654/10655/10661/12405/,True,51784,True,51784,6473,6.473,10153,10154,10155,10653,10654,10655,10661,12405,0,0,0,0,0,0,0
123,12416,2754,PnTg,"pontine tegmentum",6586BF,10661,Pn,"pons",HGM,gray matter of the hindbrain,/10153/10154/10155/10653/10654/10655/10661/12416/,True,20477,True,20477,2559.625,2.559625,10153,10154,10155,10653,10654,10655,10661,12416,0,0,0,0,0,0,0
124,12535,2881,MoPy,"pyramidal part of medulla oblongata",979ECB,10662,Mo,"myelencephalon (medulla oblongata)",HGM,gray matter of the hindbrain,/10153/10154/10155/10653/10654/10662/12535/,True,1516,True,1516,189.5,0.1895,10153,10154,10155,10653,10654,10662,12535,0,0,0,0,0,0,0,0
125,12538,2884,MoTg,"tegmentum of medulla oblongata",838BC1,10662,Mo,"myelencephalon (medulla oblongata)",HGM,gray matter of the hindbrain,/10153/10154/10155/10653/10654/10662/12538/,True,19471,True,21388,2673.5,2.6735,10153,10154,10155,10653,10654,10662,12538,0,0,0,0,0,0,0,0
126,12600,2948,IO,"inferior olive",3E4D89,12595,PrCbN,"precerebellar nuclei",HGM,gray matter of the hindbrain,/10153/10154/10155/10653/10654/10662/12538/12595/12600/,True,1917,True,1917,239.625,0.239625,10153,10154,10155,10653,10654,10662,12538,12595,12600,0,0,0,0,0,0
127,12741,3139,icp,"inferior cerebellar peduncle",F2F1F0,10668,HWM,"white matter of hindbrain",HWM,white matter of hindbrain,/10153/10154/10155/10653/10668/12741/,True,1592,True,1592,199,0.199,10153,10154,10155,10653,10668,12741,0,0,0,0,0,0,0,0,0
128,12768,3166,mcp,"middle cerebellar peduncle",F2F1F0,10668,HWM,"white matter of hindbrain",HWM,white matter of hindbrain,/10153/10154/10155/10653/10668/12768/,True,10905,True,10905,1363.125,1.363125,10153,10154,10155,10653,10668,12768,0,0,0,0,0,0,0,0,0
129,12805,3206,4V,"fourth ventricle",231F20,10669,HV,"ventricles of hindbrain",HV,ventricles of hindbrain,/10153/10154/10155/10653/10669/12805/,True,11454,True,11454,1431.75,1.43175,10153,10154,10155,10653,10669,12805,0,0,0,0,0,0,0,0,0
130,12826,3210,cec,"central canal of medulla oblongata",231F20,10669,HV,"ventricles of hindbrain",HV,ventricles of hindbrain,/10153/10154/10155/10653/10669/12826/,True,175,True,175,21.875,0.021875,10153,10154,10155,10653,10669,12826,0,0,0,0,0,0,0,0,0
131,13045,2017,MiN,"midline nuclear complex",A554A0,10391,DTH,"dorsal thalamus",FGM,gray matter of forebrain,/10153/10154/10155/10156/10157/10389/10390/10391/13045/,True,2788,True,2788,348.5,0.3485,10153,10154,10155,10156,10157,10389,10390,10391,13045,0,0,0,0,0,0
132,13229,2372,LOG,"lateral olfactory gyrus",AA9DC6,12113,FroL,"frontal lobe",FSS,surface structures of forebrain,/10153/10154/10155/10156/10609/12112/12113/13229/,True,1861,True,1861,232.625,0.232625,10153,10154,10155,10156,10609,12112,12113,13229,0,0,0,0,0,0,0
133,13230,2383,PaO,"parietal operculum",E8AF66,12131,ParL,"parietal lobe",FSS,surface structures of forebrain,/10153/10154/10155/10156/10609/12112/12131/13230/,True,43319,True,43319,5414.875,5.414875,10153,10154,10155,10156,10609,12112,12131,13230,0,0,0,0,0,0,0
134,146034754,1877,PuPV,"posteroventral putamen",A8B485,10338,Pu,"putamen",FGM,gray matter of forebrain,/10153/10154/10155/10156/10157/10158/10331/10332/10333/10338/146034754/,True,1906,True,1906,238.25,0.23825,10153,10154,10155,10156,10157,10158,10331,10332,10333,10338,146034754,0,0,0,0
135,146034872,2366,PaCG,"paracingulate gyrus",EAA6AF,12113,FroL,"frontal lobe",FSS,surface structures of forebrain,/10153/10154/10155/10156/10609/12112/12113/146034872/,True,96484,True,96484,12060.5,12.0605,10153,10154,10155,10156,10609,12112,12113,146034872,0,0,0,0,0,0,0
136,146034876,2369,RoG,"rostral gyrus",B8A26D,12113,FroL,"frontal lobe",FSS,surface structures of forebrain,/10153/10154/10155/10156/10609/12112/12113/146034876/,True,17123,True,17123,2140.375,2.140375,10153,10154,10155,10156,10609,12112,12113,146034876,0,0,0,0,0,0,0
137,146034884,2373,FMG,"frontomarginal gyrus",EECF38,12113,FroL,"frontal lobe",FSS,surface structures of forebrain,/10153/10154/10155/10156/10609/12112/12113/146034884/,True,31962,True,31962,3995.25,3.99525,10153,10154,10155,10156,10609,12112,12113,146034884,0,0,0,0,0,0,0
138,146034888,2374,FP,"frontal pole",EAD180,12113,FroL,"frontal lobe",FSS,surface structures of forebrain,/10153/10154/10155/10156/10609/12112/12113/146034888/,True,47084,True,47084,5885.5,5.8855,10153,10154,10155,10156,10609,12112,12113,146034888,0,0,0,0,0,0,0
139,146034892,2389,PRG,"perirhinal gyrus ( rostral part of FuGt)",D55C92,12143,FuGt,"occipitotemporal (fusiform) gyrus, temporal part",FSS,surface structures of forebrain,/10153/10154/10155/10156/10609/12112/12139/12143/146034892/,True,64500,True,64500,8062.5,8.0625,10153,10154,10155,10156,10609,12112,12139,12143,146034892,0,0,0,0,0,0
140,266441621,2221,or,"optic radiation",F2F1F0,10568,FIFT,"forebrain ipsilateral fiber tracts",FWM,white matter of forebrain,/10153/10154/10155/10156/10557/10568/266441621/,True,19778,True,19778,2472.25,2.47225,10153,10154,10155,10156,10557,10568,266441621,0,0,0,0,0,0,0,0
141,266441657,2260,xLV,"atrium of lateral ventricle",231F20,10596,LV,"lateral ventricles",FV,ventricles of forebrain,/10153/10154/10155/10156/10595/10596/266441657/,True,16968,True,16968,2121,2.121,10153,10154,10155,10156,10595,10596,266441657,0,0,0,0,0,0,0,0
